"","run","index","sample_barcode","locus","primer_plate","primer_row","primer_col","extraction_well","forward_primer","reverse_primer","primer_name","sample_id","collection_label","project","site_order","site_code","site_name","transect_name","collection_date","sample_type","habitat","host","trophic","site_type","metadata","lat","long","processing","notes","ExtraClassifier","rainfall","elevation","shore_dist","sample_or_control"
"105095","Miseq04_16S","TAAATATACCCT",3121,"bacterial16S",1,"G",2,"G02","515f","806r","515rcbc73","WMEA_03121_An_1","Drosophila","SuperTransect",38,"1","STDrumRoadMakai1","STDrumRoadMakai",20190618,"Drosophila","Terrestrial","Animal","Herbivore","Transect","Drosophila quadrilineata",21.62209304,-158.019156,NA,"Collected by Matthew Medeiros and identified by Yew lab",NA,1910.11901855469,159.15901184082,5032.38011428214,"Sample"
"105102","Miseq04_16S","TTGCTGGACGCT",3154,"bacterial16S",1,"F",3,"F03","515f","806r","515rcbc62","WMEA_03154_An_6","Drosophila","SuperTransect",43,"6","STDrumRoadMakai6","STDrumRoadMakai",20190618,"Drosophila","Terrestrial","Animal","Herbivore","Transect","Drosophila quadrilineata",21.62005699,-158.016589,NA,"Collected by Matthew Medeiros and identified by Yew lab",NA,1965.34399414062,173.453033447266,5367.8870368981,"Sample"
"105111","Miseq04_16S","GTCGTCCAAATG",3194,"bacterial16S",1,"G",4,"G04","515f","806r","515rcbc75","WMEA_03194_An_5","Drosophila","SuperTransect",33,"5","STAboveFalls5","STAboveFalls",20190619,"Drosophila","Terrestrial","Animal","Herbivore","Transect","Drosophila quadrilineata",21.63076999,-158.039635,NA,"Collected by Matthew Medeiros and identified by Yew lab",NA,1527.71398925781,66.1310272216797,2704.71678027931,"Sample"
"105114","Miseq04_16S","CGTCCGTATGAA",3223,"bacterial16S",1,"B",5,"B05","515f","806r","515rcbc16","WMEA_03223_An_2","Drosophila","SuperTransect",21,"2","STFalls2","STFalls",20190703,"Drosophila","Terrestrial","Animal","Herbivore","Transect","Drosophila quadrilineata",21.632815,-158.050975,NA,"Collected by Matthew Medeiros and identified by Yew lab",NA,1357.35205078125,17.1108112335205,1562.14985768611,"Sample"
"105127","Miseq04_16S","TTACTGTGGCCG",3138,"bacterial16S",1,"G",6,"G06","515f","806r","515rcbc77","WMEA_03138_An_1","Drosophila","SuperTransect",38,"1","STDrumRoadMakai1","STDrumRoadMakai",20190618,"Drosophila","Terrestrial","Animal","Herbivore","Transect","Drosophila sp",21.62209304,-158.019156,NA,"Collected by Matthew Medeiros and identified by Yew lab",NA,1910.11901855469,159.15901184082,5032.38011428214,"Sample"
"105141","Miseq04_16S","GTCAACGCTGTC",3229,"bacterial16S",1,"E",8,"E08","515f","806r","515rcbc55","WMEA_03229_An_6","Drosophila","SuperTransect",25,"6","STFalls6","STFalls",20190703,"Drosophila","Terrestrial","Animal","Herbivore","Transect","Drosophila quadrilineata",21.63128799,-158.04761,NA,"Collected by Matthew Medeiros and identified by Yew lab",NA,1395.90405273438,27.0223159790039,1946.54624890774,"Sample"
"105142","Miseq04_16S","TGAGTGGTCTGT",3195,"bacterial16S",1,"F",8,"F08","515f","806r","515rcbc67","WMEA_03195_An_5","Drosophila","SuperTransect",33,"5","STAboveFalls5","STAboveFalls",20190619,"Drosophila","Terrestrial","Animal","Herbivore","Transect","Drosophila quadrilineata",21.63076999,-158.039635,NA,"Collected by Matthew Medeiros and identified by Yew lab",NA,1527.71398925781,66.1310272216797,2704.71678027931,"Sample"
"105155","Miseq04_16S","CTTGATTCTTGA",3135,"bacterial16S",1,"C",10,"C10","515f","806r","515rcbc33","WMEA_03135_An_1","Drosophila","SuperTransect",38,"1","STDrumRoadMakai1","STDrumRoadMakai",20190618,"Drosophila","Terrestrial","Animal","Herbivore","Transect","Drosophila sp",21.62209304,-158.019156,NA,"Collected by Matthew Medeiros and identified by Yew lab",NA,1910.11901855469,159.15901184082,5032.38011428214,"Sample"
"105165","Miseq04_16S","ATTACGTATCAT",3150,"bacterial16S",1,"E",11,"E11","515f","806r","515rcbc58","WMEA_03150_An_6","Drosophila","SuperTransect",43,"6","STDrumRoadMakai6","STDrumRoadMakai",20190618,"Drosophila","Terrestrial","Animal","Herbivore","Transect","Drosophila quadrilineata",21.62005699,-158.016589,NA,"Collected by Matthew Medeiros and identified by Yew lab",NA,1965.34399414062,173.453033447266,5367.8870368981,"Sample"
"105173","Miseq04_16S","CACGCAGTCTAC",3149,"bacterial16S",1,"E",12,"E12","515f","806r","515rcbc59","WMEA_03149_An_6","Drosophila","SuperTransect",43,"6","STDrumRoadMakai6","STDrumRoadMakai",20190618,"Drosophila","Terrestrial","Animal","Herbivore","Transect","Drosophila quadrilineata",21.62005699,-158.016589,NA,"Collected by Matthew Medeiros and identified by Yew lab",NA,1965.34399414062,173.453033447266,5367.8870368981,"Sample"
"105201","Miseq04_16S","CAAATTCGGGAT",3230,"bacterial16S",3,"A",4,"A04","515f","806r","515rcbc195","WMEA_03230_An_6","Drosophila","SuperTransect",25,"6","STFalls6","STFalls",20190703,"Drosophila","Terrestrial","Animal","Herbivore","Transect","Drosophila quadrilineata",21.63128799,-158.04761,NA,"Collected by Matthew Medeiros and identified by Yew lab",NA,1395.90405273438,27.0223159790039,1946.54624890774,"Sample"
"105223","Miseq04_16S","ATTATGATTATG",3220,"bacterial16S",3,"G",6,"G06","515f","806r","515rcbc269","WMEA_03220_An_2","Drosophila","SuperTransect",21,"2","STFalls2","STFalls",20190703,"Drosophila","Terrestrial","Animal","Herbivore","Transect","Drosophila quadrilineata",21.632815,-158.050975,NA,"Collected by Matthew Medeiros and identified by Yew lab",NA,1357.35205078125,17.1108112335205,1562.14985768611,"Sample"
"105228","Miseq04_16S","AAGTCACACACA",3152,"bacterial16S",3,"D",7,"D07","515f","806r","515rcbc234","WMEA_03152_An_6","Drosophila","SuperTransect",43,"6","STDrumRoadMakai6","STDrumRoadMakai",20190618,"Drosophila","Terrestrial","Animal","Herbivore","Transect","Drosophila quadrilineata",21.62005699,-158.016589,NA,"Collected by Matthew Medeiros and identified by Yew lab",NA,1965.34399414062,173.453033447266,5367.8870368981,"Sample"
"105244","Miseq04_16S","CACCATCTCCGG",3137,"bacterial16S",3,"D",9,"D09","515f","806r","515rcbc236","WMEA_03137_An_1","Drosophila","SuperTransect",38,"1","STDrumRoadMakai1","STDrumRoadMakai",20190618,"Drosophila","Terrestrial","Animal","Herbivore","Transect","Drosophila sp",21.62209304,-158.019156,NA,"Collected by Matthew Medeiros and identified by Yew lab",NA,1910.11901855469,159.15901184082,5032.38011428214,"Sample"
"105249","Miseq04_16S","GCGCGGCGTTGC",3140,"bacterial16S",3,"A",10,"A10","515f","806r","515rcbc201","WMEA_03140_An_6","Drosophila","SuperTransect",43,"6","STDrumRoadMakai6","STDrumRoadMakai",20190618,"Drosophila","Terrestrial","Animal","Herbivore","Transect","Drosophila sp",21.62209304,-158.019156,NA,"Collected by Matthew Medeiros and identified by Yew lab",NA,1910.11901855469,159.15901184082,5032.38011428214,"Sample"
"105251","Miseq04_16S","AGTTCTCATTAA",3124,"bacterial16S",3,"C",10,"C10","515f","806r","515rcbc225","WMEA_03124_An_1","Drosophila","SuperTransect",38,"1","STDrumRoadMakai1","STDrumRoadMakai",20190618,"Drosophila","Terrestrial","Animal","Herbivore","Transect","Drosophila quadrilineata",21.62209304,-158.019156,NA,"Collected by Matthew Medeiros and identified by Yew lab",NA,1910.11901855469,159.15901184082,5032.38011428214,"Sample"
"105255","Miseq04_16S","GTTGCTGAGTCC",3167,"bacterial16S",3,"G",10,"G10","515f","806r","515rcbc273","WMEA_03167_An_8","Drosophila","SuperTransect",45,"8","STDrumRoadMakai8","STDrumRoadMakai",20190618,"Drosophila","Terrestrial","Animal","Herbivore","Transect","Drosophila quadrilineata",21.61986002,-158.015093,NA,"Collected by Matthew Medeiros and identified by Yew lab",NA,2026.73095703125,208.614898681641,5517.5778720671,"Sample"
"105262","Miseq04_16S","GTACTCGAACCA",3165,"bacterial16S",3,"F",11,"F11","515f","806r","515rcbc262","WMEA_03165_An_8","Drosophila","SuperTransect",45,"8","STDrumRoadMakai8","STDrumRoadMakai",20190618,"Drosophila","Terrestrial","Animal","Herbivore","Transect","Drosophila quadrilineata",21.61986002,-158.015093,NA,"Collected by Matthew Medeiros and identified by Yew lab",NA,2026.73095703125,208.614898681641,5517.5778720671,"Sample"
"105274","Miseq04_16S","GTTTGGCCACAC",3155,"bacterial16S",4,"B",1,"B01","515f","806r","515rcbc300","WMEA_03155_An_6","Drosophila","SuperTransect",43,"6","STDrumRoadMakai6","STDrumRoadMakai",20190618,"Drosophila","Terrestrial","Animal","Herbivore","Transect","Drosophila quadrilineata",21.62005699,-158.016589,NA,"Collected by Matthew Medeiros and identified by Yew lab",NA,1965.34399414062,173.453033447266,5367.8870368981,"Sample"
"105287","Miseq04_16S","TCTCGCACTGGA",3191,"bacterial16S",4,"G",2,"G02","515f","806r","515rcbc361","WMEA_03191_An_5","Drosophila","SuperTransect",33,"5","STAboveFalls5","STAboveFalls",20190619,"Drosophila","Terrestrial","Animal","Herbivore","Transect","Drosophila quadrilineata",21.63076999,-158.039635,NA,"Collected by Matthew Medeiros and identified by Yew lab",NA,1527.71398925781,66.1310272216797,2704.71678027931,"Sample"
"105290","Miseq04_16S","ATTTACAATTGA",3153,"bacterial16S",4,"B",3,"B03","515f","806r","515rcbc302","WMEA_03153_An_6","Drosophila","SuperTransect",43,"6","STDrumRoadMakai6","STDrumRoadMakai",20190618,"Drosophila","Terrestrial","Animal","Herbivore","Transect","Drosophila quadrilineata",21.62005699,-158.016589,NA,"Collected by Matthew Medeiros and identified by Yew lab",NA,1965.34399414062,173.453033447266,5367.8870368981,"Sample"
"105300","Miseq04_16S","ACCAGAAATGTC",3219,"bacterial16S",4,"D",4,"D04","515f","806r","515rcbc327","WMEA_03219_An_2","Drosophila","SuperTransect",21,"2","STFalls2","STFalls",20190703,"Drosophila","Terrestrial","Animal","Herbivore","Transect","Drosophila quadrilineata",21.632815,-158.050975,NA,"Collected by Matthew Medeiros and identified by Yew lab",NA,1357.35205078125,17.1108112335205,1562.14985768611,"Sample"
"105320","Miseq04_16S","CTCCCGAGCTCC",3177,"bacterial16S",4,"H",6,"H06","515f","806r","515rcbc377","WMEA_03177_An_1","Drosophila","SuperTransect",29,"1","STAboveFalls1","STAboveFalls",20190619,"Drosophila","Terrestrial","Animal","Herbivore","Transect","Drosophila quadrilineata",21.63032801,-158.042535,NA,"Collected by Matthew Medeiros and identified by Yew lab",NA,1495.04504394531,53.6514587402344,2455.40549875629,"Sample"
"105321","Miseq04_16S","CAGATCCCAACC",3221,"bacterial16S",4,"A",7,"A07","515f","806r","515rcbc294","WMEA_03221_An_2","Drosophila","SuperTransect",21,"2","STFalls2","STFalls",20190703,"Drosophila","Terrestrial","Animal","Herbivore","Transect","Drosophila quadrilineata",21.632815,-158.050975,NA,"Collected by Matthew Medeiros and identified by Yew lab",NA,1357.35205078125,17.1108112335205,1562.14985768611,"Sample"
"105335","Miseq04_16S","GCTGAGCCTTTG",3151,"bacterial16S",4,"G",8,"G08","515f","806r","515rcbc367","WMEA_03151_An_6","Drosophila","SuperTransect",43,"6","STDrumRoadMakai6","STDrumRoadMakai",20190618,"Drosophila","Terrestrial","Animal","Herbivore","Transect","Drosophila quadrilineata",21.62005699,-158.016589,NA,"Collected by Matthew Medeiros and identified by Yew lab",NA,1965.34399414062,173.453033447266,5367.8870368981,"Sample"
"105336","Miseq04_16S","ACTTAGACTCTT",3192,"bacterial16S",4,"H",8,"H08","515f","806r","515rcbc379","WMEA_03192_An_5","Drosophila","SuperTransect",33,"5","STAboveFalls5","STAboveFalls",20190619,"Drosophila","Terrestrial","Animal","Herbivore","Transect","Drosophila quadrilineata",21.63076999,-158.039635,NA,"Collected by Matthew Medeiros and identified by Yew lab",NA,1527.71398925781,66.1310272216797,2704.71678027931,"Sample"
"105346","Miseq04_16S","GATCCCACGTAC",3123,"bacterial16S",4,"B",10,"B10","515f","806r","515rcbc309","WMEA_03123_An_1","Drosophila","SuperTransect",38,"1","STDrumRoadMakai1","STDrumRoadMakai",20190618,"Drosophila","Terrestrial","Animal","Herbivore","Transect","Drosophila quadrilineata",21.62209304,-158.019156,NA,"Collected by Matthew Medeiros and identified by Yew lab",NA,1910.11901855469,159.15901184082,5032.38011428214,"Sample"
"105349","Miseq04_16S","ACCACCGTAACC",3136,"bacterial16S",4,"E",10,"E10","515f","806r","515rcbc345","WMEA_03136_An_1","Drosophila","SuperTransect",38,"1","STDrumRoadMakai1","STDrumRoadMakai",20190618,"Drosophila","Terrestrial","Animal","Herbivore","Transect","Drosophila sp",21.62209304,-158.019156,NA,"Collected by Matthew Medeiros and identified by Yew lab",NA,1910.11901855469,159.15901184082,5032.38011428214,"Sample"
"105355","Miseq04_16S","AGCGGTAGCGGT",3166,"bacterial16S",4,"C",11,"C11","515f","806r","515rcbc322","WMEA_03166_An_8","Drosophila","SuperTransect",45,"8","STDrumRoadMakai8","STDrumRoadMakai",20190618,"Drosophila","Terrestrial","Animal","Herbivore","Transect","Drosophila quadrilineata",21.61986002,-158.015093,NA,"Collected by Matthew Medeiros and identified by Yew lab",NA,2026.73095703125,208.614898681641,5517.5778720671,"Sample"
"105371","Miseq04_16S","AGTATATGTTTC",3222,"bacterial16S",5,"D",1,"D01","515f","806r","515rcbc420","WMEA_03222_An_2","Drosophila","SuperTransect",21,"2","STFalls2","STFalls",20190703,"Drosophila","Terrestrial","Animal","Herbivore","Transect","Drosophila quadrilineata",21.632815,-158.050975,NA,"Collected by Matthew Medeiros and identified by Yew lab",NA,1357.35205078125,17.1108112335205,1562.14985768611,"Sample"
"105375","Miseq04_16S","GCTAGTTATGGA",3125,"bacterial16S",5,"A",2,"A02","515f","806r","515rcbc385","WMEA_03125_An_1","Drosophila","SuperTransect",38,"1","STDrumRoadMakai1","STDrumRoadMakai",20190618,"Drosophila","Terrestrial","Animal","Herbivore","Transect","Drosophila quadrilineata",21.62209304,-158.019156,NA,"Collected by Matthew Medeiros and identified by Yew lab",NA,1910.11901855469,159.15901184082,5032.38011428214,"Sample"
"105398","Miseq04_16S","GGTGCAGACAGA",3169,"bacterial16S",5,"H",4,"H04","515f","806r","515rcbc471","WMEA_03169_An_8","Drosophila","SuperTransect",45,"8","STDrumRoadMakai8","STDrumRoadMakai",20190618,"Drosophila","Terrestrial","Animal","Herbivore","Transect","Drosophila quadrilineata",21.61986002,-158.015093,NA,"Collected by Matthew Medeiros and identified by Yew lab",NA,2026.73095703125,208.614898681641,5517.5778720671,"Sample"
"105401","Miseq04_16S","CGACCTCGCATA",3193,"bacterial16S",5,"C",5,"C05","515f","806r","515rcbc412","WMEA_03193_An_5","Drosophila","SuperTransect",33,"5","STAboveFalls5","STAboveFalls",20190619,"Drosophila","Terrestrial","Animal","Herbivore","Transect","Drosophila quadrilineata",21.63076999,-158.039635,NA,"Collected by Matthew Medeiros and identified by Yew lab",NA,1527.71398925781,66.1310272216797,2704.71678027931,"Sample"
"105410","Miseq04_16S","GCGGTCGGTCAG",3180,"bacterial16S",5,"D",6,"D06","515f","806r","515rcbc425","WMEA_03180_An_1","Drosophila","SuperTransect",29,"1","STAboveFalls1","STAboveFalls",20190619,"Drosophila","Terrestrial","Animal","Herbivore","Transect","Drosophila quadrilineata",21.63032801,-158.042535,NA,"Collected by Matthew Medeiros and identified by Yew lab",NA,1495.04504394531,53.6514587402344,2455.40549875629,"Sample"
"105430","Miseq04_16S","TATGGGTAGCTA",3139,"bacterial16S",5,"H",8,"H08","515f","806r","515rcbc475","WMEA_03139_An_1","Drosophila","SuperTransect",38,"1","STDrumRoadMakai1","STDrumRoadMakai",20190618,"Drosophila","Terrestrial","Animal","Herbivore","Transect","Drosophila sp",21.62209304,-158.019156,NA,"Collected by Matthew Medeiros and identified by Yew lab",NA,1910.11901855469,159.15901184082,5032.38011428214,"Sample"
"105432","Miseq04_16S","CTTACACTGCTT",3179,"bacterial16S",5,"B",9,"B09","515f","806r","515rcbc404","WMEA_03179_An_1","Drosophila","SuperTransect",29,"1","STAboveFalls1","STAboveFalls",20190619,"Drosophila","Terrestrial","Animal","Herbivore","Transect","Drosophila quadrilineata",21.63032801,-158.042535,NA,"Collected by Matthew Medeiros and identified by Yew lab",NA,1495.04504394531,53.6514587402344,2455.40549875629,"Sample"
"105443","Miseq04_16S","TAGCGCGAACTT",3168,"bacterial16S",5,"E",10,"E10","515f","806r","515rcbc441","WMEA_03168_An_8","Drosophila","SuperTransect",45,"8","STDrumRoadMakai8","STDrumRoadMakai",20190618,"Drosophila","Terrestrial","Animal","Herbivore","Transect","Drosophila quadrilineata",21.61986002,-158.015093,NA,"Collected by Matthew Medeiros and identified by Yew lab",NA,2026.73095703125,208.614898681641,5517.5778720671,"Sample"
"105476","Miseq04_16S","ACATCAGGTCAC",3178,"bacterial16S",7,"E",1,"E01","515f","806r","515rcbc624","WMEA_03178_An_1","Drosophila","SuperTransect",29,"1","STAboveFalls1","STAboveFalls",20190619,"Drosophila","Terrestrial","Animal","Herbivore","Transect","Drosophila quadrilineata",21.63032801,-158.042535,NA,"Collected by Matthew Medeiros and identified by Yew lab",NA,1495.04504394531,53.6514587402344,2455.40549875629,"Sample"
"105480","Miseq04_16S","TTCCCACCCATT",3122,"bacterial16S",7,"B",2,"B02","515f","806r","515rcbc589","WMEA_03122_An_1","Drosophila","SuperTransect",38,"1","STDrumRoadMakai1","STDrumRoadMakai",20190618,"Drosophila","Terrestrial","Animal","Herbivore","Transect","Drosophila quadrilineata",21.62209304,-158.019156,NA,"Collected by Matthew Medeiros and identified by Yew lab",NA,1910.11901855469,159.15901184082,5032.38011428214,"Sample"
